RedSocial;Predisposicion
Facebook;5
Facebook;1
Facebook;2
Facebook;4
Facebook;4
Facebook;3
Facebook;4
Facebook;2
Facebook;1
Facebook;1
Facebook;1
Facebook;2
Facebook;4
Facebook;3
Facebook;2
Facebook;1
Facebook;3
Facebook;3
Facebook;4
Facebook;5
Facebook;5
Facebook;5
Facebook;4
Facebook;3
Facebook;1
Facebook;4
Facebook;1
Facebook;1
Facebook;4
Facebook;4
Facebook;4
Facebook;4
Facebook;2
Facebook;1
Facebook;4
Facebook;2
Facebook;4
Facebook;4
Facebook;5
Facebook;2
Facebook;3
Facebook;5
Facebook;1
Facebook;5
Facebook;3
Facebook;3
Facebook;5
Facebook;3
Facebook;1
Facebook;1
Facebook;2
Facebook;1
Facebook;1
Facebook;2
Facebook;1
Facebook;3
Facebook;1
Facebook;4
Facebook;3
Facebook;3
Facebook;2
Facebook;3
Facebook;4
Facebook;2
Facebook;4
Facebook;2
Facebook;1
Facebook;1
Facebook;2
Facebook;4
Facebook;2
Facebook;2
Facebook;5
Facebook;5
Facebook;2
Facebook;3
Facebook;4
Facebook;3
Facebook;1
Facebook;4
Facebook;4
Facebook;3
Facebook;2
Facebook;4
Facebook;1
Facebook;1
Facebook;1
Facebook;3
Facebook;2
Facebook;4
Facebook;5
Facebook;1
Facebook;2
Facebook;4
Facebook;4
Facebook;4
Facebook;4
Facebook;4
Facebook;4
Facebook;4
Facebook;2
Facebook;4
Facebook;3
Facebook;3
Facebook;2
Facebook;1
Facebook;5
Facebook;4
Facebook;1
Facebook;1
Facebook;1
Facebook;3
Facebook;2
Facebook;1
Facebook;5
Facebook;1
Facebook;3
Facebook;4
Facebook;5
Facebook;3
Facebook;1
Facebook;4
Facebook;1
Facebook;5
Facebook;2
Facebook;2
Facebook;2
Facebook;1
Facebook;1
Facebook;4
Facebook;3
Facebook;2
Facebook;5
Facebook;3
Whatsapp;5
Whatsapp;1
Whatsapp;2
Whatsapp;2
Whatsapp;2
Whatsapp;2
Whatsapp;4
Whatsapp;2
Whatsapp;1
Whatsapp;1
Whatsapp;1
Whatsapp;2
Whatsapp;4
Whatsapp;2
Whatsapp;2
Whatsapp;1
Whatsapp;1
Whatsapp;5
Whatsapp;4
Whatsapp;3
Whatsapp;2
Whatsapp;5
Whatsapp;1
Whatsapp;2
Whatsapp;1
Whatsapp;2
Whatsapp;4
Whatsapp;4
Whatsapp;4
Whatsapp;4
Whatsapp;4
Whatsapp;4
Whatsapp;2
Whatsapp;3
Whatsapp;4
Whatsapp;4
Whatsapp;5
Whatsapp;2
Whatsapp;5
Whatsapp;2
Whatsapp;2
Whatsapp;5
Whatsapp;1
Whatsapp;5
Whatsapp;3
Whatsapp;3
Whatsapp;5
Whatsapp;2
Whatsapp;1
Whatsapp;1
Whatsapp;3
Whatsapp;1
Whatsapp;3
Whatsapp;2
Whatsapp;4
Whatsapp;3
Whatsapp;1
Whatsapp;4
Whatsapp;4
Whatsapp;4
Whatsapp;2
Whatsapp;5
Whatsapp;4
Whatsapp;4
Whatsapp;4
Whatsapp;1
Whatsapp;1
Whatsapp;4
Whatsapp;4
Whatsapp;4
Whatsapp;4
Whatsapp;1
Whatsapp;2
Whatsapp;3
Whatsapp;4
Whatsapp;5
Whatsapp;4
Whatsapp;4
Whatsapp;1
Whatsapp;4
Whatsapp;2
Whatsapp;4
Whatsapp;5
Whatsapp;2
Whatsapp;1
Whatsapp;1
Whatsapp;3
Whatsapp;2
Whatsapp;1
Whatsapp;1
Whatsapp;5
Whatsapp;1
Whatsapp;2
Whatsapp;2
Whatsapp;4
Whatsapp;4
Whatsapp;1
Whatsapp;4
Whatsapp;4
Whatsapp;3
Whatsapp;1
Whatsapp;2
Whatsapp;4
Whatsapp;2
Whatsapp;3
Whatsapp;5
Whatsapp;5
Whatsapp;2
Whatsapp;1
Whatsapp;1
Whatsapp;1
Whatsapp;4
Whatsapp;4
Whatsapp;1
Whatsapp;5
Whatsapp;4
Whatsapp;3
Whatsapp;2
Whatsapp;5
Whatsapp;4
Whatsapp;1
Whatsapp;4
Whatsapp;4
Whatsapp;4
Whatsapp;2
Whatsapp;2
Whatsapp;4
Whatsapp;1
Whatsapp;1
Whatsapp;2
Whatsapp;1
Whatsapp;2
Whatsapp;5
Whatsapp;4
Youtube;5
Youtube;1
Youtube;4
Youtube;5
Youtube;4
Youtube;5
Youtube;4
Youtube;4
Youtube;5
Youtube;5
Youtube;4
Youtube;2
Youtube;5
Youtube;5
Youtube;4
Youtube;4
Youtube;4
Youtube;3
Youtube;4
Youtube;5
Youtube;5
Youtube;5
Youtube;4
Youtube;3
Youtube;5
Youtube;4
Youtube;4
Youtube;5
Youtube;3
Youtube;4
Youtube;3
Youtube;5
Youtube;4
Youtube;4
Youtube;5
Youtube;2
Youtube;4
Youtube;4
Youtube;5
Youtube;4
Youtube;5
Youtube;5
Youtube;5
Youtube;5
Youtube;4
Youtube;5
Youtube;5
Youtube;5
Youtube;4
Youtube;5
Youtube;4
Youtube;1
Youtube;5
Youtube;3
Youtube;4
Youtube;5
Youtube;4
Youtube;4
Youtube;3
Youtube;5
Youtube;5
Youtube;5
Youtube;5
Youtube;4
Youtube;4
Youtube;4
Youtube;3
Youtube;5
Youtube;4
Youtube;4
Youtube;4
Youtube;5
Youtube;5
Youtube;5
Youtube;3
Youtube;3
Youtube;5
Youtube;2
Youtube;4
Youtube;5
Youtube;5
Youtube;4
Youtube;3
Youtube;4
Youtube;1
Youtube;4
Youtube;5
Youtube;4
Youtube;4
Youtube;5
Youtube;5
Youtube;3
Youtube;4
Youtube;5
Youtube;4
Youtube;5
Youtube;4
Youtube;5
Youtube;3
Youtube;5
Youtube;1
Youtube;5
Youtube;5
Youtube;4
Youtube;3
Youtube;5
Youtube;5
Youtube;4
Youtube;5
Youtube;1
Youtube;4
Youtube;4
Youtube;5
Youtube;3
Youtube;5
Youtube;5
Youtube;3
Youtube;3
Youtube;5
Youtube;5
Youtube;1
Youtube;4
Youtube;3
Youtube;5
Youtube;2
Youtube;4
Youtube;4
Youtube;4
Youtube;5
Youtube;5
Youtube;4
Youtube;4
Youtube;5
Youtube;4
Twitter;5
Twitter;1
Twitter;4
Twitter;4
Twitter;4
Twitter;5
Twitter;4
Twitter;4
Twitter;1
Twitter;1
Twitter;2
Twitter;2
Twitter;3
Twitter;5
Twitter;3
Twitter;1
Twitter;1
Twitter;4
Twitter;1
Twitter;3
Twitter;5
Twitter;5
Twitter;4
Twitter;3
Twitter;3
Twitter;1
Twitter;2
Twitter;5
Twitter;2
Twitter;4
Twitter;4
Twitter;5
Twitter;2
Twitter;4
Twitter;5
Twitter;2
Twitter;4
Twitter;4
Twitter;5
Twitter;4
Twitter;4
Twitter;5
Twitter;5
Twitter;3
Twitter;3
Twitter;3
Twitter;4
Twitter;4
Twitter;4
Twitter;1
Twitter;4
Twitter;1
Twitter;2
Twitter;4
Twitter;1
Twitter;3
Twitter;5
Twitter;3
Twitter;2
Twitter;3
Twitter;2
Twitter;4
Twitter;4
Twitter;4
Twitter;4
Twitter;4
Twitter;1
Twitter;4
Twitter;3
Twitter;4
Twitter;2
Twitter;4
Twitter;5
Twitter;5
Twitter;2
Twitter;4
Twitter;3
Twitter;5
Twitter;1
Twitter;3
Twitter;4
Twitter;4
Twitter;2
Twitter;4
Twitter;4
Twitter;1
Twitter;1
Twitter;5
Twitter;5
Twitter;4
Twitter;5
Twitter;2
Twitter;2
Twitter;5
Twitter;3
Twitter;4
Twitter;4
Twitter;5
Twitter;3
Twitter;5
Twitter;2
Twitter;5
Twitter;5
Twitter;3
Twitter;2
Twitter;3
Twitter;5
Twitter;4
Twitter;5
Twitter;1
Twitter;4
Twitter;3
Twitter;3
Twitter;1
Twitter;5
Twitter;2
Twitter;3
Twitter;3
Twitter;5
Twitter;3
Twitter;1
Twitter;4
Twitter;3
Twitter;5
Twitter;2
Twitter;2
Twitter;4
Twitter;1
Twitter;1
Twitter;4
Twitter;5
Twitter;2
Twitter;4
Twitter;5
Google+;5
Google+;5
Google+;4
Google+;4
Google+;4
Google+;3
Google+;5
Google+;3
Google+;5
Google+;5
Google+;4
Google+;2
Google+;4
Google+;5
Google+;4
Google+;4
Google+;4
Google+;5
Google+;4
Google+;5
Google+;5
Google+;5
Google+;4
Google+;4
Google+;5
Google+;4
Google+;4
Google+;5
Google+;4
Google+;5
Google+;4
Google+;5
Google+;4
Google+;2
Google+;4
Google+;3
Google+;5
Google+;4
Google+;5
Google+;3
Google+;4
Google+;5
Google+;5
Google+;5
Google+;4
Google+;3
Google+;4
Google+;4
Google+;4
Google+;5
Google+;5
Google+;1
Google+;5
Google+;4
Google+;4
Google+;3
Google+;3
Google+;3
Google+;3
Google+;5
Google+;5
Google+;3
Google+;5
Google+;4
Google+;4
Google+;4
Google+;3
Google+;4
Google+;4
Google+;4
Google+;4
Google+;4
Google+;3
Google+;5
Google+;4
Google+;3
Google+;4
Google+;3
Google+;4
Google+;3
Google+;5
Google+;5
Google+;2
Google+;2
Google+;4
Google+;1
Google+;1
Google+;3
Google+;4
Google+;5
Google+;5
Google+;4
Google+;4
Google+;5
Google+;4
Google+;5
Google+;5
Google+;4
Google+;4
Google+;4
Google+;3
Google+;5
Google+;5
Google+;4
Google+;4
Google+;5
Google+;5
Google+;3
Google+;3
Google+;1
Google+;4
Google+;4
Google+;4
Google+;1
Google+;5
Google+;4
Google+;3
Google+;3
Google+;5
Google+;5
Google+;1
Google+;4
Google+;4
Google+;3
Google+;2
Google+;4
Google+;4
Google+;4
Google+;5
Google+;5
Google+;3
Google+;4
Google+;4
Google+;4
LinkedIn;5
LinkedIn;4
LinkedIn;4
LinkedIn;5
LinkedIn;4
LinkedIn;3
LinkedIn;4
LinkedIn;3
LinkedIn;5
LinkedIn;3
LinkedIn;4
LinkedIn;2
LinkedIn;2
LinkedIn;5
LinkedIn;4
LinkedIn;3
LinkedIn;4
LinkedIn;3
LinkedIn;1
LinkedIn;3
LinkedIn;3
LinkedIn;3
LinkedIn;4
LinkedIn;3
LinkedIn;5
LinkedIn;1
LinkedIn;1
LinkedIn;1
LinkedIn;2
LinkedIn;1
LinkedIn;3
LinkedIn;3
LinkedIn;4
LinkedIn;1
LinkedIn;3
LinkedIn;2
LinkedIn;3
LinkedIn;3
LinkedIn;5
LinkedIn;3
LinkedIn;3
LinkedIn;5
LinkedIn;5
LinkedIn;3
LinkedIn;3
LinkedIn;5
LinkedIn;5
LinkedIn;3
LinkedIn;4
LinkedIn;5
LinkedIn;2
LinkedIn;1
LinkedIn;3
LinkedIn;3
LinkedIn;1
LinkedIn;3
LinkedIn;2
LinkedIn;3
LinkedIn;4
LinkedIn;5
LinkedIn;5
LinkedIn;3
LinkedIn;5
LinkedIn;2
LinkedIn;4
LinkedIn;3
LinkedIn;3
LinkedIn;2
LinkedIn;3
LinkedIn;4
LinkedIn;4
LinkedIn;5
LinkedIn;3
LinkedIn;5
LinkedIn;2
LinkedIn;3
LinkedIn;4
LinkedIn;3
LinkedIn;4
LinkedIn;3
LinkedIn;4
LinkedIn;3
LinkedIn;5
LinkedIn;2
LinkedIn;1
LinkedIn;1
LinkedIn;1
LinkedIn;4
LinkedIn;3
LinkedIn;4
LinkedIn;4
LinkedIn;4
LinkedIn;4
LinkedIn;3
LinkedIn;3
LinkedIn;5
LinkedIn;3
LinkedIn;3
LinkedIn;3
LinkedIn;4
LinkedIn;1
LinkedIn;4
LinkedIn;4
LinkedIn;3
LinkedIn;3
LinkedIn;3
LinkedIn;5
LinkedIn;3
LinkedIn;1
LinkedIn;1
LinkedIn;1
LinkedIn;3
LinkedIn;4
LinkedIn;1
LinkedIn;3
LinkedIn;4
LinkedIn;3
LinkedIn;4
LinkedIn;5
LinkedIn;5
LinkedIn;1
LinkedIn;4
LinkedIn;3
LinkedIn;2
LinkedIn;2
LinkedIn;2
LinkedIn;3
LinkedIn;1
LinkedIn;1
LinkedIn;3
LinkedIn;3
LinkedIn;4
LinkedIn;4
LinkedIn;4
Instagram;5
Instagram;1
Instagram;2
Instagram;1
Instagram;4
Instagram;3
Instagram;2
Instagram;2
Instagram;1
Instagram;1
Instagram;2
Instagram;2
Instagram;1
Instagram;5
Instagram;4
Instagram;2
Instagram;1
Instagram;3
Instagram;1
Instagram;3
Instagram;4
Instagram;5
Instagram;1
Instagram;4
Instagram;1
Instagram;1
Instagram;1
Instagram;1
Instagram;2
Instagram;3
Instagram;3
Instagram;3
Instagram;2
Instagram;1
Instagram;2
Instagram;2
Instagram;4
Instagram;4
Instagram;5
Instagram;5
Instagram;2
Instagram;5
Instagram;3
Instagram;3
Instagram;3
Instagram;2
Instagram;5
Instagram;2
Instagram;1
Instagram;1
Instagram;1
Instagram;1
Instagram;3
Instagram;3
Instagram;1
Instagram;3
Instagram;2
Instagram;2
Instagram;2
Instagram;4
Instagram;2
Instagram;2
Instagram;1
Instagram;2
Instagram;4
Instagram;1
Instagram;1
Instagram;3
Instagram;3
Instagram;4
Instagram;2
Instagram;2
Instagram;3
Instagram;5
Instagram;2
Instagram;3
Instagram;3
Instagram;2
Instagram;1
Instagram;4
Instagram;4
Instagram;3
Instagram;2
Instagram;4
Instagram;1
Instagram;1
Instagram;1
Instagram;2
Instagram;5
Instagram;3
Instagram;4
Instagram;3
Instagram;2
Instagram;4
Instagram;3
Instagram;4
Instagram;4
Instagram;3
Instagram;4
Instagram;2
Instagram;1
Instagram;3
Instagram;2
Instagram;2
Instagram;2
Instagram;1
Instagram;5
Instagram;3
Instagram;4
Instagram;1
Instagram;1
Instagram;4
Instagram;2
Instagram;1
Instagram;5
Instagram;2
Instagram;3
Instagram;4
Instagram;5
Instagram;1
Instagram;1
Instagram;4
Instagram;3
Instagram;5
Instagram;2
Instagram;2
Instagram;2
Instagram;1
Instagram;1
Instagram;3
Instagram;2
Instagram;2
Instagram;4
Instagram;4
Spotify;5
Spotify;1
Spotify;3
Spotify;4
Spotify;4
Spotify;3
Spotify;3
Spotify;3
Spotify;1
Spotify;3
Spotify;4
Spotify;2
Spotify;1
Spotify;5
Spotify;3
Spotify;4
Spotify;1
Spotify;3
Spotify;1
Spotify;3
Spotify;2
Spotify;5
Spotify;3
Spotify;4
Spotify;5
Spotify;1
Spotify;1
Spotify;5
Spotify;3
Spotify;3
Spotify;1
Spotify;3
Spotify;3
Spotify;4
Spotify;3
Spotify;3
Spotify;3
Spotify;3
Spotify;5
Spotify;3
Spotify;2
Spotify;5
Spotify;2
Spotify;3
Spotify;3
Spotify;3
Spotify;3
Spotify;2
Spotify;4
Spotify;1
Spotify;4
Spotify;1
Spotify;3
Spotify;3
Spotify;1
Spotify;5
Spotify;1
Spotify;2
Spotify;3
Spotify;5
Spotify;2
Spotify;5
Spotify;3
Spotify;4
Spotify;4
Spotify;4
Spotify;2
Spotify;3
Spotify;3
Spotify;4
Spotify;2
Spotify;3
Spotify;3
Spotify;5
Spotify;3
Spotify;3
Spotify;5
Spotify;3
Spotify;4
Spotify;3
Spotify;4
Spotify;5
Spotify;2
Spotify;4
Spotify;1
Spotify;1
Spotify;1
Spotify;3
Spotify;5
Spotify;3
Spotify;4
Spotify;3
Spotify;2
Spotify;4
Spotify;3
Spotify;5
Spotify;4
Spotify;3
Spotify;2
Spotify;2
Spotify;1
Spotify;3
Spotify;3
Spotify;3
Spotify;4
Spotify;1
Spotify;3
Spotify;3
Spotify;1
Spotify;1
Spotify;1
Spotify;4
Spotify;3
Spotify;1
Spotify;1
Spotify;3
Spotify;3
Spotify;3
Spotify;5
Spotify;1
Spotify;1
Spotify;4
Spotify;3
Spotify;5
Spotify;2
Spotify;4
Spotify;4
Spotify;4
Spotify;4
Spotify;4
Spotify;2
Spotify;2
Spotify;4
Spotify;3
Tuenti;5
Tuenti;1
Tuenti;2
Tuenti;1
Tuenti;4
Tuenti;3
Tuenti;4
Tuenti;2
Tuenti;1
Tuenti;1
Tuenti;1
Tuenti;2
Tuenti;2
Tuenti;5
Tuenti;2
Tuenti;1
Tuenti;1
Tuenti;1
Tuenti;1
Tuenti;3
Tuenti;2
Tuenti;5
Tuenti;1
Tuenti;3
Tuenti;1
Tuenti;1
Tuenti;1
Tuenti;3
Tuenti;2
Tuenti;3
Tuenti;1
Tuenti;1
Tuenti;2
Tuenti;1
Tuenti;2
Tuenti;2
Tuenti;3
Tuenti;3
Tuenti;5
Tuenti;3
Tuenti;2
Tuenti;5
Tuenti;1
Tuenti;3
Tuenti;3
Tuenti;2
Tuenti;3
Tuenti;3
Tuenti;1
Tuenti;1
Tuenti;1
Tuenti;1
Tuenti;1
Tuenti;2
Tuenti;1
Tuenti;3
Tuenti;1
Tuenti;2
Tuenti;3
Tuenti;3
Tuenti;2
Tuenti;2
Tuenti;1
Tuenti;2
Tuenti;4
Tuenti;1
Tuenti;1
Tuenti;3
Tuenti;3
Tuenti;4
Tuenti;2
Tuenti;2
Tuenti;3
Tuenti;5
Tuenti;2
Tuenti;2
Tuenti;3
Tuenti;1
Tuenti;1
Tuenti;3
Tuenti;4
Tuenti;3
Tuenti;2
Tuenti;2
Tuenti;1
Tuenti;1
Tuenti;1
Tuenti;2
Tuenti;3
Tuenti;1
Tuenti;4
Tuenti;3
Tuenti;2
Tuenti;4
Tuenti;3
Tuenti;4
Tuenti;1
Tuenti;4
Tuenti;2
Tuenti;2
Tuenti;1
Tuenti;1
Tuenti;3
Tuenti;2
Tuenti;2
Tuenti;1
Tuenti;3
Tuenti;3
Tuenti;1
Tuenti;1
Tuenti;1
Tuenti;3
Tuenti;1
Tuenti;1
Tuenti;1
Tuenti;2
Tuenti;3
Tuenti;2
Tuenti;5
Tuenti;1
Tuenti;1
Tuenti;4
Tuenti;3
Tuenti;3
Tuenti;2
Tuenti;2
Tuenti;3
Tuenti;1
Tuenti;1
Tuenti;4
Tuenti;3
Tuenti;2
Tuenti;4
Tuenti;2
Pinterest;5
Pinterest;4
Pinterest;4
Pinterest;4
Pinterest;4
Pinterest;3
Pinterest;5
Pinterest;3
Pinterest;5
Pinterest;3
Pinterest;4
Pinterest;2
Pinterest;1
Pinterest;5
Pinterest;3
Pinterest;4
Pinterest;1
Pinterest;2
Pinterest;1
Pinterest;5
Pinterest;4
Pinterest;5
Pinterest;3
Pinterest;4
Pinterest;5
Pinterest;1
Pinterest;1
Pinterest;5
Pinterest;4
Pinterest;3
Pinterest;3
Pinterest;4
Pinterest;2
Pinterest;4
Pinterest;5
Pinterest;4
Pinterest;4
Pinterest;4
Pinterest;5
Pinterest;3
Pinterest;4
Pinterest;5
Pinterest;1
Pinterest;3
Pinterest;4
Pinterest;3
Pinterest;5
Pinterest;4
Pinterest;4
Pinterest;1
Pinterest;4
Pinterest;1
Pinterest;2
Pinterest;4
Pinterest;1
Pinterest;5
Pinterest;4
Pinterest;2
Pinterest;5
Pinterest;5
Pinterest;5
Pinterest;5
Pinterest;5
Pinterest;1
Pinterest;4
Pinterest;4
Pinterest;2
Pinterest;3
Pinterest;3
Pinterest;4
Pinterest;2
Pinterest;4
Pinterest;3
Pinterest;5
Pinterest;4
Pinterest;4
Pinterest;5
Pinterest;3
Pinterest;4
Pinterest;5
Pinterest;5
Pinterest;5
Pinterest;5
Pinterest;4
Pinterest;4
Pinterest;4
Pinterest;5
Pinterest;4
Pinterest;5
Pinterest;4
Pinterest;4
Pinterest;4
Pinterest;3
Pinterest;5
Pinterest;3
Pinterest;5
Pinterest;4
Pinterest;4
Pinterest;2
Pinterest;4
Pinterest;3
Pinterest;3
Pinterest;5
Pinterest;4
Pinterest;3
Pinterest;5
Pinterest;5
Pinterest;4
Pinterest;3
Pinterest;1
Pinterest;1
Pinterest;4
Pinterest;3
Pinterest;4
Pinterest;5
Pinterest;4
Pinterest;3
Pinterest;3
Pinterest;5
Pinterest;5
Pinterest;1
Pinterest;4
Pinterest;3
Pinterest;5
Pinterest;2
Pinterest;4
Pinterest;4
Pinterest;5
Pinterest;5
Pinterest;4
Pinterest;3
Pinterest;4
Pinterest;4
Pinterest;4
Flickr;5
Flickr;1
Flickr;4
Flickr;3
Flickr;4
Flickr;3
Flickr;4
Flickr;3
Flickr;3
Flickr;1
Flickr;4
Flickr;2
Flickr;4
Flickr;5
Flickr;3
Flickr;3
Flickr;1
Flickr;2
Flickr;1
Flickr;5
Flickr;4
Flickr;5
Flickr;3
Flickr;4
Flickr;5
Flickr;1
Flickr;1
Flickr;5
Flickr;2
Flickr;3
Flickr;3
Flickr;4
Flickr;2
Flickr;4
Flickr;5
Flickr;3
Flickr;3
Flickr;4
Flickr;5
Flickr;3
Flickr;3
Flickr;5
Flickr;1
Flickr;3
Flickr;3
Flickr;3
Flickr;3
Flickr;4
Flickr;3
Flickr;1
Flickr;4
Flickr;1
Flickr;2
Flickr;3
Flickr;1
Flickr;3
Flickr;3
Flickr;2
Flickr;5
Flickr;3
Flickr;5
Flickr;5
Flickr;3
Flickr;4
Flickr;4
Flickr;4
Flickr;2
Flickr;4
Flickr;3
Flickr;4
Flickr;2
Flickr;4
Flickr;3
Flickr;2
Flickr;4
Flickr;3
Flickr;4
Flickr;3
Flickr;4
Flickr;5
Flickr;4
Flickr;3
Flickr;5
Flickr;4
Flickr;4
Flickr;1
Flickr;1
Flickr;4
Flickr;5
Flickr;3
Flickr;4
Flickr;4
Flickr;3
Flickr;5
Flickr;3
Flickr;5
Flickr;4
Flickr;3
Flickr;3
Flickr;2
Flickr;3
Flickr;3
Flickr;5
Flickr;3
Flickr;2
Flickr;5
Flickr;3
Flickr;3
Flickr;3
Flickr;1
Flickr;1
Flickr;3
Flickr;3
Flickr;1
Flickr;5
Flickr;4
Flickr;3
Flickr;3
Flickr;5
Flickr;4
Flickr;1
Flickr;4
Flickr;3
Flickr;4
Flickr;2
Flickr;3
Flickr;4
Flickr;1
Flickr;1
Flickr;3
Flickr;3
Flickr;4
Flickr;4
Flickr;4